Parking Slot Code,Level,Type
B1-001,B1,Resident
B1-002,B1,Resident
B1-003,B1,Resident
B1-004,B1,Resident
B1-005,B1,Resident
B1-006,B1,Resident
B1-007,B1,Resident
B1-008,B1,Resident
B1-009,B1,Resident
B1-010,B1,Resident
B1-011,B1,Resident
B1-012,B1,Resident
B1-013,B1,Resident
B1-014,B1,Resident
B1-015,B1,Resident
B1-016,B1,Resident
B1-017,B1,Resident
B1-018,B1,Resident
B1-019,B1,Resident
B1-020,B1,Resident
B1-021,B1,Resident
B1-022,B1,Resident
B1-023,B1,Resident
B1-024,B1,Resident
B1-025,B1,Resident
B1-026,B1,Resident
B1-027,B1,Resident
B1-028,B1,Resident
B1-029,B1,Resident
B1-030,B1,Resident
B1-031,B1,Resident
B1-032,B1,Resident
B1-033,B1,Resident
B1-034,B1,Resident
B1-035,B1,Resident
B1-036,B1,Resident
B1-037,B1,Resident
B1-038,B1,Resident
B1-039,B1,Resident
B1-040,B1,Resident
B1-041,B1,Resident
B1-042,B1,Resident
B1-043,B1,Resident
B1-044,B1,Resident
B1-045,B1,Resident
B1-046,B1,Resident
B1-047,B1,Resident
B1-048,B1,Resident
B1-049,B1,Resident
B1-050,B1,Resident
B1-051,B1,Resident
B1-052,B1,Resident
B1-053,B1,Resident
B1-054,B1,Resident
B1-055,B1,Resident
B1-056,B1,Resident
B1-057,B1,Resident
B1-058,B1,Resident
B1-059,B1,Resident
B1-060,B1,Resident
B1-061,B1,Resident
B1-062,B1,Resident
B1-063,B1,Resident
B1-064,B1,Resident
B1-065,B1,Resident
B1-066,B1,Resident
B1-067,B1,Resident
B1-068,B1,Resident
B1-069,B1,Resident
B1-070,B1,Resident
B1-071,B1,Resident
B1-072,B1,Resident
B1-073,B1,Resident
B1-074,B1,Resident
B1-075,B1,Resident
B1-076,B1,Resident
B1-077,B1,Resident
B1-078,B1,Resident
B1-079,B1,Resident
B1-080,B1,Resident
B1-081,B1,Resident
B1-082,B1,Resident
B1-083,B1,Resident
B1-084,B1,Resident
B1-085,B1,Resident
B1-086,B1,Resident
B1-087,B1,Resident
B1-088,B1,Resident
B1-089,B1,Resident
B1-090,B1,Resident
B1-091,B1,Resident
B1-092,B1,Resident
B1-093,B1,Resident
B1-094,B1,Resident
B1-095,B1,Resident
B1-096,B1,Resident
B1-097,B1,Resident
B1-098,B1,Resident
B1-099,B1,Resident
B1-100,B1,Resident
B1-101,B1,Resident
B1-102,B1,Resident
B1-103,B1,Resident
B1-104,B1,Resident
B1-105,B1,Resident
B1-106,B1,Resident
B1-107,B1,Resident
B1-108,B1,Resident
B1-109,B1,Resident
B1-110,B1,Resident
B1-111,B1,Resident
B1-112,B1,Resident
B1-113,B1,Resident
B1-114,B1,Resident
B1-115,B1,Resident
B1-116,B1,Resident
B1-117,B1,Resident
B1-118,B1,Resident
B1-119,B1,Resident
B1-120,B1,Resident
B1-121,B1,Resident
B1-122,B1,Resident
B1-123,B1,Resident
B1-124,B1,Resident
B1-125,B1,Resident
B1-126,B1,Resident
B1-127,B1,Resident
B1-128,B1,Resident
B1-129,B1,Resident
B1-130,B1,Resident
B1-131,B1,Resident
B1-132,B1,Resident
B1-133,B1,Resident
B1-134,B1,Resident
B1-135,B1,Resident
B1-136,B1,Resident
B1-137,B1,Resident
B1-138,B1,Resident
B1-139,B1,Resident
B1-140,B1,Resident
B1-141,B1,Resident
B1-142,B1,Resident
B1-143,B1,Resident
B1-144,B1,Resident
B1-145,B1,Resident
B1-146,B1,Resident
B1-147,B1,Resident
B1-148,B1,Resident
B1-149,B1,Resident
B1-150,B1,Resident
B1-151,B1,Resident
B1-152,B1,Resident
B1-153,B1,Resident
B1-154,B1,Resident
B1-155,B1,Resident
B1-156,B1,Resident
B1-157,B1,Resident
B1-158,B1,Resident
B1-159,B1,Resident
B1-160,B1,Resident
B1-161,B1,Resident
B1-162,B1,Resident
B1-163,B1,Resident
B1-164,B1,Resident
B1-165,B1,Resident
B1-166,B1,Resident
B1-167,B1,Resident
B1-168,B1,Resident
B1-169,B1,Resident
B1-170,B1,Resident
B1-171,B1,Resident
B1-172,B1,Resident
B1-173,B1,Resident
B1-174,B1,Resident
B1-175,B1,Resident
B1-176,B1,Resident
B1-177,B1,Resident
B1-178,B1,Resident
B1-179,B1,Resident
B1-180,B1,Resident
B1-V001,B1,Visitor
B1-V002,B1,Visitor
B1-V003,B1,Visitor
B1-V004,B1,Visitor
B1-V005,B1,Visitor
B1-V006,B1,Visitor
B1-V007,B1,Visitor
B1-V008,B1,Visitor
B1-V009,B1,Visitor
B1-V010,B1,Visitor
B1-V011,B1,Visitor
B1-V012,B1,Visitor
B1-V013,B1,Visitor
B1-V014,B1,Visitor
B1-V015,B1,Visitor
B1-V016,B1,Visitor
B1-V017,B1,Visitor
B1-V018,B1,Visitor
B1-V019,B1,Visitor
B1-V020,B1,Visitor
B2-001,B2,Resident
B2-002,B2,Resident
B2-003,B2,Resident
B2-004,B2,Resident
B2-005,B2,Resident
B2-006,B2,Resident
B2-007,B2,Resident
B2-008,B2,Resident
B2-009,B2,Resident
B2-010,B2,Resident
B2-011,B2,Resident
B2-012,B2,Resident
B2-013,B2,Resident
B2-014,B2,Resident
B2-015,B2,Resident
B2-016,B2,Resident
B2-017,B2,Resident
B2-018,B2,Resident
B2-019,B2,Resident
B2-020,B2,Resident
B2-021,B2,Resident
B2-022,B2,Resident
B2-023,B2,Resident
B2-024,B2,Resident
B2-025,B2,Resident
B2-026,B2,Resident
B2-027,B2,Resident
B2-028,B2,Resident
B2-029,B2,Resident
B2-030,B2,Resident
B2-031,B2,Resident
B2-032,B2,Resident
B2-033,B2,Resident
B2-034,B2,Resident
B2-035,B2,Resident
B2-036,B2,Resident
B2-037,B2,Resident
B2-038,B2,Resident
B2-039,B2,Resident
B2-040,B2,Resident
B2-041,B2,Resident
B2-042,B2,Resident
B2-043,B2,Resident
B2-044,B2,Resident
B2-045,B2,Resident
B2-046,B2,Resident
B2-047,B2,Resident
B2-048,B2,Resident
B2-049,B2,Resident
B2-050,B2,Resident
B2-051,B2,Resident
B2-052,B2,Resident
B2-053,B2,Resident
B2-054,B2,Resident
B2-055,B2,Resident
B2-056,B2,Resident
B2-057,B2,Resident
B2-058,B2,Resident
B2-059,B2,Resident
B2-060,B2,Resident
B2-061,B2,Resident
B2-062,B2,Resident
B2-063,B2,Resident
B2-064,B2,Resident
B2-065,B2,Resident
B2-066,B2,Resident
B2-067,B2,Resident
B2-068,B2,Resident
B2-069,B2,Resident
B2-070,B2,Resident
B2-071,B2,Resident
B2-072,B2,Resident
B2-073,B2,Resident
B2-074,B2,Resident
B2-075,B2,Resident
B2-076,B2,Resident
B2-077,B2,Resident
B2-078,B2,Resident
B2-079,B2,Resident
B2-080,B2,Resident
B2-081,B2,Resident
B2-082,B2,Resident
B2-083,B2,Resident
B2-084,B2,Resident
B2-085,B2,Resident
B2-086,B2,Resident
B2-087,B2,Resident
B2-088,B2,Resident
B2-089,B2,Resident
B2-090,B2,Resident
B2-091,B2,Resident
B2-092,B2,Resident
B2-093,B2,Resident
B2-094,B2,Resident
B2-095,B2,Resident
B2-096,B2,Resident
B2-097,B2,Resident
B2-098,B2,Resident
B2-099,B2,Resident
B2-100,B2,Resident
B2-101,B2,Resident
B2-102,B2,Resident
B2-103,B2,Resident
B2-104,B2,Resident
B2-105,B2,Resident
B2-106,B2,Resident
B2-107,B2,Resident
B2-108,B2,Resident
B2-109,B2,Resident
B2-110,B2,Resident
B2-111,B2,Resident
B2-112,B2,Resident
B2-113,B2,Resident
B2-114,B2,Resident
B2-115,B2,Resident
B2-116,B2,Resident
B2-117,B2,Resident
B2-118,B2,Resident
B2-119,B2,Resident
B2-120,B2,Resident
B2-121,B2,Resident
B2-122,B2,Resident
B2-123,B2,Resident
B2-124,B2,Resident
B2-125,B2,Resident
B2-126,B2,Resident
B2-127,B2,Resident
B2-128,B2,Resident
B2-129,B2,Resident
B2-130,B2,Resident
B2-131,B2,Resident
B2-132,B2,Resident
B2-133,B2,Resident
B2-134,B2,Resident
B2-135,B2,Resident
B2-136,B2,Resident
B2-137,B2,Resident
B2-138,B2,Resident
B2-139,B2,Resident
B2-140,B2,Resident
B2-141,B2,Resident
B2-142,B2,Resident
B2-143,B2,Resident
B2-144,B2,Resident
B2-145,B2,Resident
B2-146,B2,Resident
B2-147,B2,Resident
B2-148,B2,Resident
B2-149,B2,Resident
B2-150,B2,Resident
B2-151,B2,Resident
B2-152,B2,Resident
B2-153,B2,Resident
B2-154,B2,Resident
B2-155,B2,Resident
B2-156,B2,Resident
B2-157,B2,Resident
B2-158,B2,Resident
B2-159,B2,Resident
B2-160,B2,Resident
B2-161,B2,Resident
B2-162,B2,Resident
B2-163,B2,Resident
B2-164,B2,Resident
B2-165,B2,Resident
B2-166,B2,Resident
B2-167,B2,Resident
B2-168,B2,Resident
B2-169,B2,Resident
B2-170,B2,Resident
B2-171,B2,Resident
B2-172,B2,Resident
B2-173,B2,Resident
B2-174,B2,Resident
B2-175,B2,Resident
B2-176,B2,Resident
B2-177,B2,Resident
B2-178,B2,Resident
B2-179,B2,Resident
B2-180,B2,Resident
B2-V001,B2,Visitor
B2-V002,B2,Visitor
B2-V003,B2,Visitor
B2-V004,B2,Visitor
B2-V005,B2,Visitor
B2-V006,B2,Visitor
B2-V007,B2,Visitor
B2-V008,B2,Visitor
B2-V009,B2,Visitor
B2-V010,B2,Visitor
B2-V011,B2,Visitor
B2-V012,B2,Visitor
B2-V013,B2,Visitor
B2-V014,B2,Visitor
B2-V015,B2,Visitor
B2-V016,B2,Visitor
B2-V017,B2,Visitor
B2-V018,B2,Visitor
B2-V019,B2,Visitor
B2-V020,B2,Visitor
B3-001,B3,Resident
B3-002,B3,Resident
B3-003,B3,Resident
B3-004,B3,Resident
B3-005,B3,Resident
B3-006,B3,Resident
B3-007,B3,Resident
B3-008,B3,Resident
B3-009,B3,Resident
B3-010,B3,Resident
B3-011,B3,Resident
B3-012,B3,Resident
B3-013,B3,Resident
B3-014,B3,Resident
B3-015,B3,Resident
B3-016,B3,Resident
B3-017,B3,Resident
B3-018,B3,Resident
B3-019,B3,Resident
B3-020,B3,Resident
B3-021,B3,Resident
B3-022,B3,Resident
B3-023,B3,Resident
B3-024,B3,Resident
B3-025,B3,Resident
B3-026,B3,Resident
B3-027,B3,Resident
B3-028,B3,Resident
B3-029,B3,Resident
B3-030,B3,Resident
B3-031,B3,Resident
B3-032,B3,Resident
B3-033,B3,Resident
B3-034,B3,Resident
B3-035,B3,Resident
B3-036,B3,Resident
B3-037,B3,Resident
B3-038,B3,Resident
B3-039,B3,Resident
B3-040,B3,Resident
B3-041,B3,Resident
B3-042,B3,Resident
B3-043,B3,Resident
B3-044,B3,Resident
B3-045,B3,Resident
B3-046,B3,Resident
B3-047,B3,Resident
B3-048,B3,Resident
B3-049,B3,Resident
B3-050,B3,Resident
B3-051,B3,Resident
B3-052,B3,Resident
B3-053,B3,Resident
B3-054,B3,Resident
B3-055,B3,Resident
B3-056,B3,Resident
B3-057,B3,Resident
B3-058,B3,Resident
B3-059,B3,Resident
B3-060,B3,Resident
B3-061,B3,Resident
B3-062,B3,Resident
B3-063,B3,Resident
B3-064,B3,Resident
B3-065,B3,Resident
B3-066,B3,Resident
B3-067,B3,Resident
B3-068,B3,Resident
B3-069,B3,Resident
B3-070,B3,Resident
B3-071,B3,Resident
B3-072,B3,Resident
B3-073,B3,Resident
B3-074,B3,Resident
B3-075,B3,Resident
B3-076,B3,Resident
B3-077,B3,Resident
B3-078,B3,Resident
B3-079,B3,Resident
B3-080,B3,Resident
B3-081,B3,Resident
B3-082,B3,Resident
B3-083,B3,Resident
B3-084,B3,Resident
B3-085,B3,Resident
B3-086,B3,Resident
B3-087,B3,Resident
B3-088,B3,Resident
B3-089,B3,Resident
B3-090,B3,Resident
B3-091,B3,Resident
B3-092,B3,Resident
B3-093,B3,Resident
B3-094,B3,Resident
B3-095,B3,Resident
B3-096,B3,Resident
B3-097,B3,Resident
B3-098,B3,Resident
B3-099,B3,Resident
B3-100,B3,Resident
B3-101,B3,Resident
B3-102,B3,Resident
B3-103,B3,Resident
B3-104,B3,Resident
B3-105,B3,Resident
B3-106,B3,Resident
B3-107,B3,Resident
B3-108,B3,Resident
B3-109,B3,Resident
B3-110,B3,Resident
B3-111,B3,Resident
B3-112,B3,Resident
B3-113,B3,Resident
B3-114,B3,Resident
B3-115,B3,Resident
B3-116,B3,Resident
B3-117,B3,Resident
B3-118,B3,Resident
B3-119,B3,Resident
B3-120,B3,Resident
B3-121,B3,Resident
B3-122,B3,Resident
B3-123,B3,Resident
B3-124,B3,Resident
B3-125,B3,Resident
B3-126,B3,Resident
B3-127,B3,Resident
B3-128,B3,Resident
B3-129,B3,Resident
B3-130,B3,Resident
B3-131,B3,Resident
B3-132,B3,Resident
B3-133,B3,Resident
B3-134,B3,Resident
B3-135,B3,Resident
B3-136,B3,Resident
B3-137,B3,Resident
B3-138,B3,Resident
B3-139,B3,Resident
B3-140,B3,Resident
B3-141,B3,Resident
B3-142,B3,Resident
B3-143,B3,Resident
B3-144,B3,Resident
B3-145,B3,Resident
B3-146,B3,Resident
B3-147,B3,Resident
B3-148,B3,Resident
B3-149,B3,Resident
B3-150,B3,Resident
B3-151,B3,Resident
B3-152,B3,Resident
B3-153,B3,Resident
B3-154,B3,Resident
B3-155,B3,Resident
B3-156,B3,Resident
B3-157,B3,Resident
B3-158,B3,Resident
B3-159,B3,Resident
B3-160,B3,Resident
B3-161,B3,Resident
B3-162,B3,Resident
B3-163,B3,Resident
B3-164,B3,Resident
B3-165,B3,Resident
B3-166,B3,Resident
B3-167,B3,Resident
B3-168,B3,Resident
B3-169,B3,Resident
B3-170,B3,Resident
B3-171,B3,Resident
B3-172,B3,Resident
B3-173,B3,Resident
B3-174,B3,Resident
B3-175,B3,Resident
B3-176,B3,Resident
B3-177,B3,Resident
B3-178,B3,Resident
B3-179,B3,Resident
B3-180,B3,Resident
B3-V001,B3,Visitor
B3-V002,B3,Visitor
B3-V003,B3,Visitor
B3-V004,B3,Visitor
B3-V005,B3,Visitor
B3-V006,B3,Visitor
B3-V007,B3,Visitor
B3-V008,B3,Visitor
B3-V009,B3,Visitor
B3-V010,B3,Visitor
B3-V011,B3,Visitor
B3-V012,B3,Visitor
B3-V013,B3,Visitor
B3-V014,B3,Visitor
B3-V015,B3,Visitor
B3-V016,B3,Visitor
B3-V017,B3,Visitor
B3-V018,B3,Visitor
B3-V019,B3,Visitor
B3-V020,B3,Visitor
B4-001,B4,Resident
B4-002,B4,Resident
B4-003,B4,Resident
B4-004,B4,Resident
B4-005,B4,Resident
B4-006,B4,Resident
B4-007,B4,Resident
B4-008,B4,Resident
B4-009,B4,Resident
B4-010,B4,Resident
B4-011,B4,Resident
B4-012,B4,Resident
B4-013,B4,Resident
B4-014,B4,Resident
B4-015,B4,Resident
B4-016,B4,Resident
B4-017,B4,Resident
B4-018,B4,Resident
B4-019,B4,Resident
B4-020,B4,Resident
B4-021,B4,Resident
B4-022,B4,Resident
B4-023,B4,Resident
B4-024,B4,Resident
B4-025,B4,Resident
B4-026,B4,Resident
B4-027,B4,Resident
B4-028,B4,Resident
B4-029,B4,Resident
B4-030,B4,Resident
B4-031,B4,Resident
B4-032,B4,Resident
B4-033,B4,Resident
B4-034,B4,Resident
B4-035,B4,Resident
B4-036,B4,Resident
B4-037,B4,Resident
B4-038,B4,Resident
B4-039,B4,Resident
B4-040,B4,Resident
B4-041,B4,Resident
B4-042,B4,Resident
B4-043,B4,Resident
B4-044,B4,Resident
B4-045,B4,Resident
B4-046,B4,Resident
B4-047,B4,Resident
B4-048,B4,Resident
B4-049,B4,Resident
B4-050,B4,Resident
B4-051,B4,Resident
B4-052,B4,Resident
B4-053,B4,Resident
B4-054,B4,Resident
B4-055,B4,Resident
B4-056,B4,Resident
B4-057,B4,Resident
B4-058,B4,Resident
B4-059,B4,Resident
B4-060,B4,Resident
B4-061,B4,Resident
B4-062,B4,Resident
B4-063,B4,Resident
B4-064,B4,Resident
B4-065,B4,Resident
B4-066,B4,Resident
B4-067,B4,Resident
B4-068,B4,Resident
B4-069,B4,Resident
B4-070,B4,Resident
B4-071,B4,Resident
B4-072,B4,Resident
B4-073,B4,Resident
B4-074,B4,Resident
B4-075,B4,Resident
B4-076,B4,Resident
B4-077,B4,Resident
B4-078,B4,Resident
B4-079,B4,Resident
B4-080,B4,Resident
B4-081,B4,Resident
B4-082,B4,Resident
B4-083,B4,Resident
B4-084,B4,Resident
B4-085,B4,Resident
B4-086,B4,Resident
B4-087,B4,Resident
B4-088,B4,Resident
B4-089,B4,Resident
B4-090,B4,Resident
B4-091,B4,Resident
B4-092,B4,Resident
B4-093,B4,Resident
B4-094,B4,Resident
B4-095,B4,Resident
B4-096,B4,Resident
B4-097,B4,Resident
B4-098,B4,Resident
B4-099,B4,Resident
B4-100,B4,Resident
B4-101,B4,Resident
B4-102,B4,Resident
B4-103,B4,Resident
B4-104,B4,Resident
B4-105,B4,Resident
B4-106,B4,Resident
B4-107,B4,Resident
B4-108,B4,Resident
B4-109,B4,Resident
B4-110,B4,Resident
B4-111,B4,Resident
B4-112,B4,Resident
B4-113,B4,Resident
B4-114,B4,Resident
B4-115,B4,Resident
B4-116,B4,Resident
B4-117,B4,Resident
B4-118,B4,Resident
B4-119,B4,Resident
B4-120,B4,Resident
B4-121,B4,Resident
B4-122,B4,Resident
B4-123,B4,Resident
B4-124,B4,Resident
B4-125,B4,Resident
B4-126,B4,Resident
B4-127,B4,Resident
B4-128,B4,Resident
B4-129,B4,Resident
B4-130,B4,Resident
B4-131,B4,Resident
B4-132,B4,Resident
B4-133,B4,Resident
B4-134,B4,Resident
B4-135,B4,Resident
B4-136,B4,Resident
B4-137,B4,Resident
B4-138,B4,Resident
B4-139,B4,Resident
B4-140,B4,Resident
B4-141,B4,Resident
B4-142,B4,Resident
B4-143,B4,Resident
B4-144,B4,Resident
B4-145,B4,Resident
B4-146,B4,Resident
B4-147,B4,Resident
B4-148,B4,Resident
B4-149,B4,Resident
B4-150,B4,Resident
B4-151,B4,Resident
B4-152,B4,Resident
B4-153,B4,Resident
B4-154,B4,Resident
B4-155,B4,Resident
B4-156,B4,Resident
B4-157,B4,Resident
B4-158,B4,Resident
B4-159,B4,Resident
B4-160,B4,Resident
B4-161,B4,Resident
B4-162,B4,Resident
B4-163,B4,Resident
B4-164,B4,Resident
B4-165,B4,Resident
B4-166,B4,Resident
B4-167,B4,Resident
B4-168,B4,Resident
B4-169,B4,Resident
B4-170,B4,Resident
B4-171,B4,Resident
B4-172,B4,Resident
B4-173,B4,Resident
B4-174,B4,Resident
B4-175,B4,Resident
B4-176,B4,Resident
B4-177,B4,Resident
B4-178,B4,Resident
B4-179,B4,Resident
B4-180,B4,Resident
B4-V001,B4,Visitor
B4-V002,B4,Visitor
B4-V003,B4,Visitor
B4-V004,B4,Visitor
B4-V005,B4,Visitor
B4-V006,B4,Visitor
B4-V007,B4,Visitor
B4-V008,B4,Visitor
B4-V009,B4,Visitor
B4-V010,B4,Visitor
B4-V011,B4,Visitor
B4-V012,B4,Visitor
B4-V013,B4,Visitor
B4-V014,B4,Visitor
B4-V015,B4,Visitor
B4-V016,B4,Visitor
B4-V017,B4,Visitor
B4-V018,B4,Visitor
B4-V019,B4,Visitor
B4-V020,B4,Visitor
