Unit Number,Floor,Unit on Floor
0101,1,1
0102,1,2
0103,1,3
0104,1,4
0105,1,5
0106,1,6
0107,1,7
0108,1,8
0109,1,9
0110,1,10
0111,1,11
0112,1,12
0113,1,13
0114,1,14
0115,1,15
0116,1,16
0117,1,17
0118,1,18
0119,1,19
0120,1,20
0121,1,21
0122,1,22
0123,1,23
0124,1,24
0125,1,25
0126,1,26
0127,1,27
0128,1,28
0129,1,29
0130,1,30
0131,1,31
0132,1,32
0133,1,33
0134,1,34
0135,1,35
0201,2,1
0202,2,2
0203,2,3
0204,2,4
0205,2,5
0206,2,6
0207,2,7
0208,2,8
0209,2,9
0210,2,10
0211,2,11
0212,2,12
0213,2,13
0214,2,14
0215,2,15
0216,2,16
0217,2,17
0218,2,18
0219,2,19
0220,2,20
0221,2,21
0222,2,22
0223,2,23
0224,2,24
0225,2,25
0226,2,26
0227,2,27
0228,2,28
0229,2,29
0230,2,30
0231,2,31
0232,2,32
0233,2,33
0234,2,34
0235,2,35
0301,3,1
0302,3,2
0303,3,3
0304,3,4
0305,3,5
0306,3,6
0307,3,7
0308,3,8
0309,3,9
0310,3,10
0311,3,11
0312,3,12
0313,3,13
0314,3,14
0315,3,15
0316,3,16
0317,3,17
0318,3,18
0319,3,19
0320,3,20
0321,3,21
0322,3,22
0323,3,23
0324,3,24
0325,3,25
0326,3,26
0327,3,27
0328,3,28
0329,3,29
0330,3,30
0331,3,31
0332,3,32
0333,3,33
0334,3,34
0335,3,35
0401,4,1
0402,4,2
0403,4,3
0404,4,4
0405,4,5
0406,4,6
0407,4,7
0408,4,8
0409,4,9
0410,4,10
0411,4,11
0412,4,12
0413,4,13
0414,4,14
0415,4,15
0416,4,16
0417,4,17
0418,4,18
0419,4,19
0420,4,20
0421,4,21
0422,4,22
0423,4,23
0424,4,24
0425,4,25
0426,4,26
0427,4,27
0428,4,28
0429,4,29
0430,4,30
0431,4,31
0432,4,32
0433,4,33
0434,4,34
0435,4,35
0501,5,1
0502,5,2
0503,5,3
0504,5,4
0505,5,5
0506,5,6
0507,5,7
0508,5,8
0509,5,9
0510,5,10
0511,5,11
0512,5,12
0513,5,13
0514,5,14
0515,5,15
0516,5,16
0517,5,17
0518,5,18
0519,5,19
0520,5,20
0521,5,21
0522,5,22
0523,5,23
0524,5,24
0525,5,25
0526,5,26
0527,5,27
0528,5,28
0529,5,29
0530,5,30
0531,5,31
0532,5,32
0533,5,33
0534,5,34
0535,5,35
0601,6,1
0602,6,2
0603,6,3
0604,6,4
0605,6,5
0606,6,6
0607,6,7
0608,6,8
0609,6,9
0610,6,10
0611,6,11
0612,6,12
0613,6,13
0614,6,14
0615,6,15
0616,6,16
0617,6,17
0618,6,18
0619,6,19
0620,6,20
0621,6,21
0622,6,22
0623,6,23
0624,6,24
0625,6,25
0626,6,26
0627,6,27
0628,6,28
0629,6,29
0630,6,30
0631,6,31
0632,6,32
0633,6,33
0634,6,34
0635,6,35
0701,7,1
0702,7,2
0703,7,3
0704,7,4
0705,7,5
0706,7,6
0707,7,7
0708,7,8
0709,7,9
0710,7,10
0711,7,11
0712,7,12
0713,7,13
0714,7,14
0715,7,15
0716,7,16
0717,7,17
0718,7,18
0719,7,19
0720,7,20
0721,7,21
0722,7,22
0723,7,23
0724,7,24
0725,7,25
0726,7,26
0727,7,27
0728,7,28
0729,7,29
0730,7,30
0731,7,31
0732,7,32
0733,7,33
0734,7,34
0735,7,35
0801,8,1
0802,8,2
0803,8,3
0804,8,4
0805,8,5
0806,8,6
0807,8,7
0808,8,8
0809,8,9
0810,8,10
0811,8,11
0812,8,12
0813,8,13
0814,8,14
0815,8,15
0816,8,16
0817,8,17
0818,8,18
0819,8,19
0820,8,20
0821,8,21
0822,8,22
0823,8,23
0824,8,24
0825,8,25
0826,8,26
0827,8,27
0828,8,28
0829,8,29
0830,8,30
0831,8,31
0832,8,32
0833,8,33
0834,8,34
0835,8,35
0901,9,1
0902,9,2
0903,9,3
0904,9,4
0905,9,5
0906,9,6
0907,9,7
0908,9,8
0909,9,9
0910,9,10
0911,9,11
0912,9,12
0913,9,13
0914,9,14
0915,9,15
0916,9,16
0917,9,17
0918,9,18
0919,9,19
0920,9,20
0921,9,21
0922,9,22
0923,9,23
0924,9,24
0925,9,25
0926,9,26
0927,9,27
0928,9,28
0929,9,29
0930,9,30
0931,9,31
0932,9,32
0933,9,33
0934,9,34
0935,9,35
1001,10,1
1002,10,2
1003,10,3
1004,10,4
1005,10,5
1006,10,6
1007,10,7
1008,10,8
1009,10,9
1010,10,10
1011,10,11
1012,10,12
1013,10,13
1014,10,14
1015,10,15
1016,10,16
1017,10,17
1018,10,18
1019,10,19
1020,10,20
1021,10,21
1022,10,22
1023,10,23
1024,10,24
1025,10,25
1026,10,26
1027,10,27
1028,10,28
1029,10,29
1030,10,30
1031,10,31
1032,10,32
1033,10,33
1034,10,34
1035,10,35
1101,11,1
1102,11,2
1103,11,3
1104,11,4
1105,11,5
1106,11,6
1107,11,7
1108,11,8
1109,11,9
1110,11,10
1111,11,11
1112,11,12
1113,11,13
1114,11,14
1115,11,15
1116,11,16
1117,11,17
1118,11,18
1119,11,19
1120,11,20
1121,11,21
1122,11,22
1123,11,23
1124,11,24
1125,11,25
1126,11,26
1127,11,27
1128,11,28
1129,11,29
1130,11,30
1131,11,31
1132,11,32
1133,11,33
1134,11,34
1135,11,35
1201,12,1
1202,12,2
1203,12,3
1204,12,4
1205,12,5
1206,12,6
1207,12,7
1208,12,8
1209,12,9
1210,12,10
1211,12,11
1212,12,12
1213,12,13
1214,12,14
1215,12,15
1216,12,16
1217,12,17
1218,12,18
1219,12,19
1220,12,20
1221,12,21
1222,12,22
1223,12,23
1224,12,24
1225,12,25
1226,12,26
1227,12,27
1228,12,28
1229,12,29
1230,12,30
1231,12,31
1232,12,32
1233,12,33
1234,12,34
1235,12,35
1301,13,1
1302,13,2
1303,13,3
1304,13,4
1305,13,5
1306,13,6
1307,13,7
1308,13,8
1309,13,9
1310,13,10
1311,13,11
1312,13,12
1313,13,13
1314,13,14
1315,13,15
1316,13,16
1317,13,17
1318,13,18
1319,13,19
1320,13,20
1321,13,21
1322,13,22
1323,13,23
1324,13,24
1325,13,25
1326,13,26
1327,13,27
1328,13,28
1329,13,29
1330,13,30
1331,13,31
1332,13,32
1333,13,33
1334,13,34
1335,13,35
1401,14,1
1402,14,2
1403,14,3
1404,14,4
1405,14,5
1406,14,6
1407,14,7
1408,14,8
1409,14,9
1410,14,10
1411,14,11
1412,14,12
1413,14,13
1414,14,14
1415,14,15
1416,14,16
1417,14,17
1418,14,18
1419,14,19
1420,14,20
1421,14,21
1422,14,22
1423,14,23
1424,14,24
1425,14,25
1426,14,26
1427,14,27
1428,14,28
1429,14,29
1430,14,30
1431,14,31
1432,14,32
1433,14,33
1434,14,34
1435,14,35
1501,15,1
1502,15,2
1503,15,3
1504,15,4
1505,15,5
1506,15,6
1507,15,7
1508,15,8
1509,15,9
1510,15,10
1511,15,11
1512,15,12
1513,15,13
1514,15,14
1515,15,15
1516,15,16
1517,15,17
1518,15,18
1519,15,19
1520,15,20
1521,15,21
1522,15,22
1523,15,23
1524,15,24
1525,15,25
1526,15,26
1527,15,27
1528,15,28
1529,15,29
1530,15,30
1531,15,31
1532,15,32
1533,15,33
1534,15,34
1535,15,35
1601,16,1
1602,16,2
1603,16,3
1604,16,4
1605,16,5
1606,16,6
1607,16,7
1608,16,8
1609,16,9
1610,16,10
1611,16,11
1612,16,12
1613,16,13
1614,16,14
1615,16,15
1616,16,16
1617,16,17
1618,16,18
1619,16,19
1620,16,20
1621,16,21
1622,16,22
1623,16,23
1624,16,24
1625,16,25
1626,16,26
1627,16,27
1628,16,28
1629,16,29
1630,16,30
1631,16,31
1632,16,32
1633,16,33
1634,16,34
1635,16,35
1701,17,1
1702,17,2
1703,17,3
1704,17,4
1705,17,5
1706,17,6
1707,17,7
1708,17,8
1709,17,9
1710,17,10
1711,17,11
1712,17,12
1713,17,13
1714,17,14
1715,17,15
1716,17,16
1717,17,17
1718,17,18
1719,17,19
1720,17,20
1721,17,21
1722,17,22
1723,17,23
1724,17,24
1725,17,25
1726,17,26
1727,17,27
1728,17,28
1729,17,29
1730,17,30
1731,17,31
1732,17,32
1733,17,33
1734,17,34
1735,17,35
1801,18,1
1802,18,2
1803,18,3
1804,18,4
1805,18,5
1806,18,6
1807,18,7
1808,18,8
1809,18,9
1810,18,10
1811,18,11
1812,18,12
1813,18,13
1814,18,14
1815,18,15
1816,18,16
1817,18,17
1818,18,18
1819,18,19
1820,18,20
1821,18,21
1822,18,22
1823,18,23
1824,18,24
1825,18,25
1826,18,26
1827,18,27
1828,18,28
1829,18,29
1830,18,30
1831,18,31
1832,18,32
1833,18,33
1834,18,34
1835,18,35
1901,19,1
1902,19,2
1903,19,3
1904,19,4
1905,19,5
1906,19,6
1907,19,7
1908,19,8
1909,19,9
1910,19,10
1911,19,11
1912,19,12
1913,19,13
1914,19,14
1915,19,15
1916,19,16
1917,19,17
1918,19,18
1919,19,19
1920,19,20
1921,19,21
1922,19,22
1923,19,23
1924,19,24
1925,19,25
1926,19,26
1927,19,27
1928,19,28
1929,19,29
1930,19,30
1931,19,31
1932,19,32
1933,19,33
1934,19,34
1935,19,35
2001,20,1
2002,20,2
2003,20,3
2004,20,4
2005,20,5
2006,20,6
2007,20,7
2008,20,8
2009,20,9
2010,20,10
2011,20,11
2012,20,12
2013,20,13
2014,20,14
2015,20,15
2016,20,16
2017,20,17
2018,20,18
2019,20,19
2020,20,20
2021,20,21
2022,20,22
2023,20,23
2024,20,24
2025,20,25
2026,20,26
2027,20,27
2028,20,28
2029,20,29
2030,20,30
2031,20,31
2032,20,32
2033,20,33
2034,20,34
2035,20,35
2101,21,1
2102,21,2
2103,21,3
2104,21,4
2105,21,5
2106,21,6
2107,21,7
2108,21,8
2109,21,9
2110,21,10
2111,21,11
2112,21,12
2113,21,13
2114,21,14
2115,21,15
2116,21,16
2117,21,17
2118,21,18
2119,21,19
2120,21,20
2121,21,21
2122,21,22
2123,21,23
2124,21,24
2125,21,25
2126,21,26
2127,21,27
2128,21,28
2129,21,29
2130,21,30
2131,21,31
2132,21,32
2133,21,33
2134,21,34
2135,21,35
2201,22,1
2202,22,2
2203,22,3
2204,22,4
2205,22,5
2206,22,6
2207,22,7
2208,22,8
2209,22,9
2210,22,10
2211,22,11
2212,22,12
2213,22,13
2214,22,14
2215,22,15
2216,22,16
2217,22,17
2218,22,18
2219,22,19
2220,22,20
2221,22,21
2222,22,22
2223,22,23
2224,22,24
2225,22,25
2226,22,26
2227,22,27
2228,22,28
2229,22,29
2230,22,30
2231,22,31
2232,22,32
2233,22,33
2234,22,34
2235,22,35
2301,23,1
2302,23,2
2303,23,3
2304,23,4
2305,23,5
2306,23,6
2307,23,7
2308,23,8
2309,23,9
2310,23,10
2311,23,11
2312,23,12
2313,23,13
2314,23,14
2315,23,15
2316,23,16
2317,23,17
2318,23,18
2319,23,19
2320,23,20
2321,23,21
2322,23,22
2323,23,23
2324,23,24
2325,23,25
2326,23,26
2327,23,27
2328,23,28
2329,23,29
2330,23,30
2331,23,31
2332,23,32
2333,23,33
2334,23,34
2335,23,35
2401,24,1
2402,24,2
2403,24,3
2404,24,4
2405,24,5
2406,24,6
2407,24,7
2408,24,8
2409,24,9
2410,24,10
2411,24,11
2412,24,12
2413,24,13
2414,24,14
2415,24,15
2416,24,16
2417,24,17
2418,24,18
2419,24,19
2420,24,20
2421,24,21
2422,24,22
2423,24,23
2424,24,24
2425,24,25
2426,24,26
2427,24,27
2428,24,28
2429,24,29
2430,24,30
2431,24,31
2432,24,32
2433,24,33
2434,24,34
2435,24,35
2501,25,1
2502,25,2
2503,25,3
2504,25,4
2505,25,5
2506,25,6
2507,25,7
2508,25,8
2509,25,9
2510,25,10
2511,25,11
2512,25,12
2513,25,13
2514,25,14
2515,25,15
2516,25,16
2517,25,17
2518,25,18
2519,25,19
2520,25,20
2521,25,21
2522,25,22
2523,25,23
2524,25,24
2525,25,25
2526,25,26
2527,25,27
2528,25,28
2529,25,29
2530,25,30
2531,25,31
2532,25,32
2533,25,33
2534,25,34
2535,25,35
2601,26,1
2602,26,2
2603,26,3
2604,26,4
2605,26,5
2606,26,6
2607,26,7
2608,26,8
2609,26,9
2610,26,10
2611,26,11
2612,26,12
2613,26,13
2614,26,14
2615,26,15
2616,26,16
2617,26,17
2618,26,18
2619,26,19
2620,26,20
2621,26,21
2622,26,22
2623,26,23
2624,26,24
2625,26,25
2626,26,26
2627,26,27
2628,26,28
2629,26,29
2630,26,30
2631,26,31
2632,26,32
2633,26,33
2634,26,34
2635,26,35
2701,27,1
2702,27,2
2703,27,3
2704,27,4
2705,27,5
2706,27,6
2707,27,7
2708,27,8
2709,27,9
2710,27,10
2711,27,11
2712,27,12
2713,27,13
2714,27,14
2715,27,15
2716,27,16
2717,27,17
2718,27,18
2719,27,19
2720,27,20
2721,27,21
2722,27,22
2723,27,23
2724,27,24
2725,27,25
2726,27,26
2727,27,27
2728,27,28
2729,27,29
2730,27,30
2731,27,31
2732,27,32
2733,27,33
2734,27,34
2735,27,35
2801,28,1
2802,28,2
2803,28,3
2804,28,4
2805,28,5
2806,28,6
2807,28,7
2808,28,8
2809,28,9
2810,28,10
2811,28,11
2812,28,12
2813,28,13
2814,28,14
2815,28,15
2816,28,16
2817,28,17
2818,28,18
2819,28,19
2820,28,20
2821,28,21
2822,28,22
2823,28,23
2824,28,24
2825,28,25
2826,28,26
2827,28,27
2828,28,28
2829,28,29
2830,28,30
2831,28,31
2832,28,32
2833,28,33
2834,28,34
2835,28,35
2901,29,1
2902,29,2
2903,29,3
2904,29,4
2905,29,5
2906,29,6
2907,29,7
2908,29,8
2909,29,9
2910,29,10
2911,29,11
2912,29,12
2913,29,13
2914,29,14
2915,29,15
2916,29,16
2917,29,17
2918,29,18
2919,29,19
2920,29,20
2921,29,21
2922,29,22
2923,29,23
2924,29,24
2925,29,25
2926,29,26
2927,29,27
2928,29,28
2929,29,29
2930,29,30
2931,29,31
2932,29,32
2933,29,33
2934,29,34
2935,29,35
3001,30,1
3002,30,2
3003,30,3
3004,30,4
3005,30,5
3006,30,6
3007,30,7
3008,30,8
3009,30,9
3010,30,10
3011,30,11
3012,30,12
3013,30,13
3014,30,14
3015,30,15
3016,30,16
3017,30,17
3018,30,18
3019,30,19
3020,30,20
3021,30,21
3022,30,22
3023,30,23
3024,30,24
3025,30,25
3026,30,26
3027,30,27
3028,30,28
3029,30,29
3030,30,30
3031,30,31
3032,30,32
3033,30,33
3034,30,34
3035,30,35
3101,31,1
3102,31,2
3103,31,3
3104,31,4
3105,31,5
3106,31,6
3107,31,7
3108,31,8
3109,31,9
3110,31,10
3111,31,11
3112,31,12
3113,31,13
3114,31,14
3115,31,15
3116,31,16
3117,31,17
3118,31,18
3119,31,19
3120,31,20
3121,31,21
3122,31,22
3123,31,23
3124,31,24
3125,31,25
3126,31,26
3127,31,27
3128,31,28
3129,31,29
3130,31,30
3131,31,31
3132,31,32
3133,31,33
3134,31,34
3135,31,35
3201,32,1
3202,32,2
3203,32,3
3204,32,4
3205,32,5
3206,32,6
3207,32,7
3208,32,8
3209,32,9
3210,32,10
3211,32,11
3212,32,12
3213,32,13
3214,32,14
3215,32,15
3216,32,16
3217,32,17
3218,32,18
3219,32,19
3220,32,20
3221,32,21
3222,32,22
3223,32,23
3224,32,24
3225,32,25
3226,32,26
3227,32,27
3228,32,28
3229,32,29
3230,32,30
3231,32,31
3232,32,32
3233,32,33
3234,32,34
3235,32,35
3301,33,1
3302,33,2
3303,33,3
3304,33,4
3305,33,5
3306,33,6
3307,33,7
3308,33,8
3309,33,9
3310,33,10
3311,33,11
3312,33,12
3313,33,13
3314,33,14
3315,33,15
3316,33,16
3317,33,17
3318,33,18
3319,33,19
3320,33,20
3321,33,21
3322,33,22
3323,33,23
3324,33,24
3325,33,25
3326,33,26
3327,33,27
3328,33,28
3329,33,29
3330,33,30
3331,33,31
3332,33,32
3333,33,33
3334,33,34
3335,33,35
3401,34,1
3402,34,2
3403,34,3
3404,34,4
3405,34,5
3406,34,6
3407,34,7
3408,34,8
3409,34,9
3410,34,10
3411,34,11
3412,34,12
3413,34,13
3414,34,14
3415,34,15
3416,34,16
3417,34,17
3418,34,18
3419,34,19
3420,34,20
3421,34,21
3422,34,22
3423,34,23
3424,34,24
3425,34,25
3426,34,26
3427,34,27
3428,34,28
3429,34,29
3430,34,30
3431,34,31
3432,34,32
3433,34,33
3434,34,34
3435,34,35
3501,35,1
3502,35,2
3503,35,3
3504,35,4
3505,35,5
3506,35,6
3507,35,7
3508,35,8
3509,35,9
3510,35,10
3511,35,11
3512,35,12
3513,35,13
3514,35,14
3515,35,15
3516,35,16
3517,35,17
3518,35,18
3519,35,19
3520,35,20
3521,35,21
3522,35,22
3523,35,23
3524,35,24
3525,35,25
3526,35,26
3527,35,27
3528,35,28
3529,35,29
3530,35,30
3531,35,31
3532,35,32
3533,35,33
3534,35,34
3535,35,35
3601,36,1
3602,36,2
3603,36,3
3604,36,4
3605,36,5
3606,36,6
3607,36,7
3608,36,8
3609,36,9
3610,36,10
3611,36,11
3612,36,12
3613,36,13
3614,36,14
3615,36,15
3616,36,16
3617,36,17
3618,36,18
3619,36,19
3620,36,20
3621,36,21
3622,36,22
3623,36,23
3624,36,24
3625,36,25
3626,36,26
3627,36,27
3628,36,28
3629,36,29
3630,36,30
3631,36,31
3632,36,32
3633,36,33
3634,36,34
3635,36,35
3701,37,1
3702,37,2
3703,37,3
3704,37,4
3705,37,5
3706,37,6
3707,37,7
3708,37,8
3709,37,9
3710,37,10
3711,37,11
3712,37,12
3713,37,13
3714,37,14
3715,37,15
3716,37,16
3717,37,17
3718,37,18
3719,37,19
3720,37,20
3721,37,21
3722,37,22
3723,37,23
3724,37,24
3725,37,25
3726,37,26
3727,37,27
3728,37,28
3729,37,29
3730,37,30
3731,37,31
3732,37,32
3733,37,33
3734,37,34
3801,38,1
3802,38,2
3803,38,3
3804,38,4
3805,38,5
3806,38,6
3807,38,7
3808,38,8
3809,38,9
3810,38,10
3811,38,11
3812,38,12
3813,38,13
3814,38,14
3815,38,15
3816,38,16
3817,38,17
3818,38,18
3819,38,19
3820,38,20
3821,38,21
3822,38,22
3823,38,23
3824,38,24
3825,38,25
3826,38,26
3827,38,27
3828,38,28
3829,38,29
3830,38,30
3831,38,31
3832,38,32
3833,38,33
3834,38,34
3901,39,1
3902,39,2
3903,39,3
3904,39,4
3905,39,5
3906,39,6
3907,39,7
3908,39,8
3909,39,9
3910,39,10
3911,39,11
3912,39,12
3913,39,13
3914,39,14
3915,39,15
3916,39,16
3917,39,17
3918,39,18
3919,39,19
3920,39,20
3921,39,21
3922,39,22
3923,39,23
3924,39,24
3925,39,25
3926,39,26
3927,39,27
3928,39,28
3929,39,29
3930,39,30
3931,39,31
3932,39,32
3933,39,33
3934,39,34
4001,40,1
4002,40,2
4003,40,3
4004,40,4
4005,40,5
4006,40,6
4007,40,7
4008,40,8
4009,40,9
4010,40,10
4011,40,11
4012,40,12
4013,40,13
4014,40,14
4015,40,15
4016,40,16
4017,40,17
4018,40,18
4019,40,19
4020,40,20
4021,40,21
4022,40,22
4023,40,23
4024,40,24
4025,40,25
4026,40,26
4027,40,27
4028,40,28
4029,40,29
4030,40,30
4031,40,31
4032,40,32
4033,40,33
4034,40,34
4101,41,1
4102,41,2
4103,41,3
4104,41,4
4105,41,5
4106,41,6
4107,41,7
4108,41,8
4109,41,9
4110,41,10
4111,41,11
4112,41,12
4113,41,13
4114,41,14
4115,41,15
4116,41,16
4117,41,17
4118,41,18
4119,41,19
4120,41,20
4121,41,21
4122,41,22
4123,41,23
4124,41,24
4125,41,25
4126,41,26
4127,41,27
4128,41,28
4129,41,29
4130,41,30
4131,41,31
4132,41,32
4133,41,33
4134,41,34
4201,42,1
4202,42,2
4203,42,3
4204,42,4
4205,42,5
4206,42,6
4207,42,7
4208,42,8
4209,42,9
4210,42,10
4211,42,11
4212,42,12
4213,42,13
4214,42,14
4215,42,15
4216,42,16
4217,42,17
4218,42,18
4219,42,19
4220,42,20
4221,42,21
4222,42,22
4223,42,23
4224,42,24
4225,42,25
4226,42,26
4227,42,27
4228,42,28
4229,42,29
4230,42,30
4231,42,31
4232,42,32
4233,42,33
4234,42,34
4301,43,1
4302,43,2
4303,43,3
4304,43,4
4305,43,5
4306,43,6
4307,43,7
4308,43,8
4309,43,9
4310,43,10
4311,43,11
4312,43,12
4313,43,13
4314,43,14
4315,43,15
4316,43,16
4317,43,17
4318,43,18
4319,43,19
4320,43,20
4321,43,21
4322,43,22
4323,43,23
4324,43,24
4325,43,25
4326,43,26
4327,43,27
4328,43,28
4329,43,29
4330,43,30
4331,43,31
4332,43,32
4333,43,33
4334,43,34
4401,44,1
4402,44,2
4403,44,3
4404,44,4
4405,44,5
4406,44,6
4407,44,7
4408,44,8
4409,44,9
4410,44,10
4411,44,11
4412,44,12
4413,44,13
4414,44,14
4415,44,15
4416,44,16
4417,44,17
4418,44,18
4419,44,19
4420,44,20
4421,44,21
4422,44,22
4423,44,23
4424,44,24
4425,44,25
4426,44,26
4427,44,27
4428,44,28
4429,44,29
4430,44,30
4431,44,31
4432,44,32
4433,44,33
4434,44,34
4501,45,1
4502,45,2
4503,45,3
4504,45,4
4505,45,5
4506,45,6
4507,45,7
4508,45,8
4509,45,9
4510,45,10
4511,45,11
4512,45,12
4513,45,13
4514,45,14
4515,45,15
4516,45,16
4517,45,17
4518,45,18
4519,45,19
4520,45,20
4521,45,21
4522,45,22
4523,45,23
4524,45,24
4525,45,25
4526,45,26
4527,45,27
4528,45,28
4529,45,29
4530,45,30
4531,45,31
4532,45,32
4533,45,33
4534,45,34
